{"stats":{"minecraft:used":{"minecraft:calcite":440,"minecraft:netherite_sword":1,"minecraft:end_rod":37,"minecraft:iron_bars":3,"minecraft:amethyst_block":59,"minecraft:granite_stairs":3,"minecraft:brick_wall":27,"minecraft:polished_deepslate":9,"minecraft:flint_and_steel":3,"minecraft:snow_block":361,"minecraft:armor_stand":3,"minecraft:carved_pumpkin":2,"minecraft:polished_andesite":143,"minecraft:red_concrete":8,"minecraft:redstone":1,"minecraft:spruce_slab":268,"minecraft:oak_planks":174,"minecraft:ladder":18,"minecraft:oak_sign":37,"minecraft:blue_wool":5,"minecraft:smooth_sandstone_slab":66,"minecraft:white_concrete_powder":1,"minecraft:spruce_planks":192,"minecraft:chest":15,"minecraft:creeper_head":2,"minecraft:black_shulker_box":2,"minecraft:stone":37,"minecraft:structure_void":20,"minecraft:red_mushroom_block":89,"minecraft:composter":5,"minecraft:white_shulker_box":1,"minecraft:spruce_sign":6,"minecraft:glow_ink_sac":4,"minecraft:smooth_sandstone_stairs":5,"minecraft:debug_stick":9,"minecraft:spruce_leaves":662,"minecraft:oxidized_cut_copper":140,"minecraft:sculk_sensor":1,"minecraft:oak_leaves":23,"minecraft:white_wool":398,"minecraft:glow_item_frame":5,"minecraft:dark_oak_trapdoor":1,"minecraft:birch_pressure_plate":1,"minecraft:brown_dye":1,"minecraft:blue_dye":1,"minecraft:dirt":90,"minecraft:sand":7,"minecraft:anvil":4,"minecraft:light_blue_dye":2,"minecraft:loom":11,"minecraft:red_bed":5,"minecraft:brick_slab":21,"minecraft:spruce_stairs":5,"minecraft:birch_sign":2,"minecraft:yellow_concrete":6,"minecraft:yellow_carpet":35,"minecraft:acacia_leaves":19,"minecraft:campfire":7,"minecraft:nether_brick_slab":50,"minecraft:raw_iron_block":2,"minecraft:stone_brick_wall":17,"minecraft:pink_dye":1,"minecraft:beehive":8,"minecraft:spruce_fence":28,"minecraft:spruce_log":10,"minecraft:nether_brick_stairs":189,"minecraft:stripped_spruce_log":6,"minecraft:dark_oak_door":3,"minecraft:polished_diorite":414,"minecraft:bat_spawn_egg":218,"minecraft:crimson_button":1,"minecraft:glass":20,"minecraft:netherite_shovel":6,"minecraft:packed_ice":199,"minecraft:stripped_dark_oak_wood":204,"minecraft:flower_pot":3,"minecraft:netherite_block":820,"minecraft:green_concrete":16,"minecraft:lever":8,"minecraft:stone_brick_slab":72,"minecraft:dark_prismarine":18,"minecraft:black_wool":125,"minecraft:light":9,"minecraft:black_concrete":88,"minecraft:waxed_exposed_cut_copper_stairs":3,"minecraft:lava_bucket":82,"minecraft:bricks":164,"minecraft:bookshelf":19,"minecraft:mangrove_stairs":16,"minecraft:yellow_stained_glass":365,"minecraft:command_block":994,"minecraft:red_wool":373,"minecraft:spruce_wood":198,"minecraft:lantern":8,"minecraft:brick_stairs":61,"minecraft:brown_wool":17,"minecraft:barrier":135,"minecraft:stone_button":1,"minecraft:polished_andesite_stairs":4,"minecraft:green_wool":70,"minecraft:lectern":14,"minecraft:spruce_trapdoor":70,"minecraft:smooth_quartz":2,"minecraft:raw_gold_block":68,"minecraft:purple_dye":1,"minecraft:budding_amethyst":1,"minecraft:polished_andesite_slab":2,"minecraft:stone_brick_stairs":61,"minecraft:stone_bricks":49,"minecraft:yellow_wool":18,"minecraft:soul_lantern":4,"minecraft:item_frame":39,"minecraft:chiseled_stone_bricks":1,"minecraft:repeater":54,"minecraft:glowstone":37,"minecraft:red_carpet":19,"minecraft:magma_block":3,"minecraft:cobblestone":14,"minecraft:brown_carpet":8,"minecraft:snow":5365,"minecraft:written_book":66,"minecraft:iron_trapdoor":14,"minecraft:stripped_oak_wood":637,"minecraft:mangrove_slab":1,"minecraft:andesite":63,"minecraft:white_stained_glass":7,"minecraft:bucket":1,"minecraft:chain_command_block":56,"minecraft:repeating_command_block":13,"minecraft:polished_blackstone_button":4,"minecraft:trapped_chest":30,"minecraft:stripped_oak_log":397,"minecraft:red_dye":1,"minecraft:white_concrete":1,"minecraft:coarse_dirt":58,"minecraft:acacia_planks":7,"minecraft:gray_wool":37,"minecraft:orange_stained_glass_pane":11,"minecraft:smooth_stone":21,"minecraft:horn_coral_fan":1,"minecraft:cobweb":76,"minecraft:pointed_dripstone":51},"minecraft:killed":{"minecraft:pig":1},"minecraft:picked_up":{"minecraft:green_stained_glass_pane":28,"minecraft:item_frame":1,"minecraft:white_stained_glass":1,"minecraft:iron_ingot":3,"minecraft:written_book":16,"minecraft:stripped_oak_wood":1,"minecraft:red_stained_glass_pane":24,"minecraft:trapped_chest":64,"minecraft:saddle":6},"minecraft:custom":{"minecraft:mob_kills":2,"minecraft:open_shulker_box":9,"minecraft:interact_with_loom":1,"minecraft:pot_flower":4,"minecraft:damage_dealt_resisted":28,"minecraft:leave_game":33,"minecraft:time_since_death":1073675,"minecraft:sleep_in_bed":1,"minecraft:climb_one_cm":2734,"minecraft:time_since_rest":101225,"minecraft:sprint_one_cm":218600,"minecraft:damage_taken":60,"minecraft:walk_one_cm":522769,"minecraft:trigger_trapped_chest":15,"minecraft:drop":3,"minecraft:damage_dealt":110,"minecraft:fly_one_cm":4953814,"minecraft:pig_one_cm":20435,"minecraft:open_chest":8,"minecraft:crouch_one_cm":13796,"minecraft:play_time":1073675,"minecraft:sneak_time":34053,"minecraft:jump":3074,"minecraft:total_world_time":1848390,"minecraft:fall_one_cm":54221},"minecraft:dropped":{"minecraft:stripped_oak_wood":1,"minecraft:written_book":16,"minecraft:white_stained_glass":1}},"DataVersion":3120}