{
  "pools": [
    {
      "rolls": 1,
      "entries": []
    },
    {
      "rolls": {
        "min": 1,
        "max": 5
      },
      "bonus_rolls": 1,
      "entries": [
        {
          "type": "minecraft:item",
          "name": "minecraft:clock"
        }
      ],
      "functions": [
        {
          "function": "minecraft:set_nbt",
          "tag": "{display:{Name:'[{\"text\":\"┃\",\"color\":\"gold\",\"bold\":true,\"italic\":false},{\"text\":\"コレクレーのコイン\",\"color\":\"white\"}]',Lore:['{\"text\":\"ポケモンが   うっかり   落としたもの。\",\"color\":\"white\",\"italic\":false}','{\"text\":\"コレクレーが   大事そうに   集めている。\",\"color\":\"white\",\"italic\":false}','{\"text\":\"コインでは   無い   気がする。\",\"color\":\"white\",\"italic\":false,\"strikethrough\":true}']}}"
        }
      ]
    }
  ]
}
